location,rooms,bathrooms,car_parks,size_sqft,furnished,monthly_rent,date_listed,agent_rating,rent_per_sqft,rent_band,ptype_Apartment,ptype_Condominium,ptype_Serviced Residence,ptype_Studio,ptype_Terrace House,furnished_encoded,rent_band_encoded
Mont Kiara,0.9338807980622388,1.5945695200796155,0.8016463124324158,-0.16395924002641082,Partially Furnished,1.030249364681991,2026-05-08,0.2821694255562554,1.425218252361735,High,False,True,False,False,False,1.0,2
Ampang,0.9338807980622388,0.5989892365307647,-1.1436820724035799,-0.3197990927671688,Partially Furnished,-0.10698065058546674,2026-05-04,-0.9497306752230744,0.12110271436134316,Medium,False,False,True,False,False,1.0,1
Ampang,0.9338807980622388,0.5989892365307647,1.7743105048504135,-1.0366624153746555,Fully Furnished,-0.253720007394171,2026-07-21,0.1281819129588384,0.7382263898378683,Medium,False,False,True,False,False,2.0,1
Klcc,-0.04858339411884461,-0.3965910470180861,0.8016463124324158,1.4879431990256238,Full Furnished,2.5022285376693056,2026-07-31,-0.3337806248334098,1.2433674652230646,High,False,True,False,False,False,,2
Puchong,-0.04858339411884461,-0.3965910470180861,0.8016463124324158,0.5529040825810758,Unfurnished,-0.5105138818094034,2026-08-02,-0.02580559963857721,-0.918465888208868,Medium,False,False,True,False,False,0.0,1
Bangsar,-0.04858339411884461,-0.3965910470180861,-1.1436820724035799,0.2412243770995599,Fully Furnished,2.204164219151625,2026-04-16,-0.02580559963857721,2.276404324093516,High,False,False,True,False,False,2.0,2
Puchong,-1.031047586299928,-0.3965910470180861,-1.1436820724035799,1.3632713168330173,Fully Furnished,-0.18035032898981887,2026-02-04,0.2821694255562554,-0.9344464348468261,Medium,False,True,False,False,False,2.0,1
Cyberjaya,-0.04858339411884461,-0.3965910470180861,-1.1436820724035799,-1.1301663270191102,Partially Furnished,-0.9140471130333401,2025-05-03,-0.9497306752230744,-0.32853116066503124,Low,False,False,True,False,False,1.0,0
Kajang,-0.04858339411884461,-0.3965910470180861,0.8016463124324158,0.2412243770995599,Partially Furnished,-0.5838835602137555,2026-02-27,0.1281819129588384,-0.8502337354335658,Low,False,True,False,False,False,1.0,0
Klcc,-1.031047586299928,-1.392171330566937,-0.17101787998558207,-0.8184866215375943,Fully Furnished,0.6267161334580544,2025-10-30,-0.02580559963857721,1.8530271184979932,High,True,False,False,False,False,2.0,2
Ampang,0.9338807980622388,0.5989892365307647,0.8016463124324158,-0.47563894550792674,Full Furnished,-0.10698065058546674,2025-07-30,1.5140695263355846,0.27334467835555215,Medium,True,False,False,False,False,,1
Subang Jaya,0.9338807980622388,0.5989892365307647,0.8016463124324158,-1.067830385922807,Partially Furnished,-0.8773622738311639,2025-07-26,0.436156938153671,-0.32758222881877214,Low,False,False,True,False,False,1.0,0
Mont Kiara,-1.031047586299928,-1.392171330566937,-1.1436820724035799,-0.10162329893010762,Unfurnished,0.993564525479815,2026-06-10,-6.185306103535224,1.3003382631988387,High,False,False,True,False,False,0.0,2
Cyberjaya,-2.0135117784810115,-1.392171330566937,0.8016463124324158,-1.9717015318192033,Partially Furnished,-1.3542651834594528,2026-03-07,-0.1797931122359935,-0.1841579583413304,Low,False,False,False,True,False,1.0,0
Setapak,-2.0135117784810115,-1.392171330566937,-1.1436820724035799,-2.3457171783970225,Fully Furnished,-1.5743742186725092,2025-09-07,-0.6417556500282418,-0.13988350962872903,Low,False,False,False,True,False,2.0,0
Cyberjaya,-1.031047586299928,-1.392171330566937,-1.1436820724035799,0.27239234764771153,Partially Furnished,-0.3637745250006992,2026-01-09,-0.795743162625658,-0.6210768601104247,Medium,False,True,False,False,False,1.0,1
Ampang,-1.031047586299928,-1.392171330566937,-1.1436820724035799,0.6775759647736822,Fully Furnished,0.7734554902667586,2026-07-10,0.1281819129588384,0.30913609621245847,High,False,True,False,False,False,2.0,2
Cheras,0.9338807980622388,0.5989892365307647,0.8016463124324158,-0.7249827098931395,Unfurnished,-1.0974713090442203,2025-09-09,0.436156938153671,-0.9751587798530529,Low,True,False,False,False,False,0.0,0
Subang Jaya,0.9338807980622388,0.5989892365307647,0.8016463124324158,-0.6626467687968364,Partially Furnished,-0.9140471130333401,2026-04-28,4.593819778283908,-0.7375885672488497,Low,True,False,False,False,False,1.0,0
Setapak,1.9163449902433223,1.5945695200796155,-1.1436820724035799,0.771079876418137,Fully Furnished,-0.4004593642028752,2025-06-01,1.0521069885433363,-0.9027663182150937,Medium,False,False,False,False,True,2.0,1
Petaling Jaya,-0.04858339411884461,-0.3965910470180861,0.8016463124324158,-0.911990533182049,Full Furnished,-0.5838835602137555,2026-04-02,0.590144450751088,0.010999151115531632,Low,False,True,False,False,False,,0
Subang Jaya,1.9163449902433223,1.5945695200796155,1.7743105048504135,1.6749510223145332,Partially Furnished,-0.21703516819199492,2026-07-30,-1.2577057004179064,-1.069646932593361,Medium,False,False,False,False,True,1.0,1
Subang Jaya,0.9338807980622388,0.5989892365307647,0.8016463124324158,-0.6938147393449879,Fully Furnished,-0.5838835602137555,2025-07-06,0.590144450751088,-0.21082931298747612,Low,True,False,False,False,False,2.0,0
Shah Alam,-0.04858339411884461,-0.3965910470180861,-1.1436820724035799,0.6464079942255306,Unfurnished,-0.3270896857985231,2026-06-13,-0.9497306752230744,-0.7744839411760175,Medium,False,True,False,False,False,0.0,1
Bangsar,0.9338807980622388,0.5989892365307647,-0.17101787998558207,-0.44447097495977517,Fully Furnished,0.36992225904282205,2025-09-30,0.436156938153671,0.9056746253534764,High,False,True,False,False,False,2.0,2
Puchong,-1.031047586299928,-1.392171330566937,-0.17101787998558207,-0.00811938728565284,Fully Furnished,-0.290404846596347,2025-12-16,0.436156938153671,-0.36125575319173675,Medium,False,False,True,False,False,2.0,1
Kajang,-0.04858339411884461,0.5989892365307647,0.8016463124324158,-0.6003108277005331,Fully Furnished,-0.8773622738311639,2026-08-19,-0.4877681374308255,-0.7272921838273143,Low,False,False,True,False,False,2.0,0
Puchong,-0.04858339411884461,0.5989892365307647,0.8016463124324158,0.6464079942255306,Fully Furnished,0.14981322382976567,2025-03-28,0.2821694255562554,-0.29484408012283425,Medium,False,True,False,False,False,2.0,1
Petaling Jaya,0.9338807980622388,1.5945695200796155,-1.1436820724035799,1.5191111695737753,Partially Furnished,0.5533464550537023,2025-04-08,-0.1797931122359935,-0.3854054524895192,High,False,True,False,False,False,1.0,2
Cheras,-0.04858339411884461,-0.3965910470180861,0.8016463124324158,-0.13279126947825923,NOT FURNISHED,-0.8406774346289879,2025-08-17,-0.6417556500282418,-0.9622485173994266,Low,False,True,False,False,False,,0
Kajang,0.9338807980622388,0.5989892365307647,0.8016463124324158,1.0204236408033498,Unfurnished,-0.3270896857985231,2025-10-28,1.5140695263355846,-0.9348986104245738,Medium,False,True,False,False,False,0.0,1
Mont Kiara,0.9338807980622388,-0.3965910470180861,-1.1436820724035799,0.3658962592921663,Fully Furnished,1.9473703447363926,2026-06-22,1.0521069885433363,1.8308970792193804,High,False,True,False,False,False,2.0,2
Kajang,-0.04858339411884461,0.5989892365307647,0.8016463124324158,-0.2886311222190172,Partially Furnished,-1.0607864698420444,2026-07-22,-0.02580559963857721,-1.166497289152177,Low,True,False,False,False,False,1.0,0
Mont Kiara,-0.04858339411884461,0.5989892365307647,-1.1436820724035799,0.33472828874401467,Partially Furnished,1.617206791916808,2025-06-18,-0.9497306752230744,1.5085763523516675,High,False,True,False,False,False,1.0,2
Shah Alam,-0.04858339411884461,-0.3965910470180861,0.8016463124324158,0.023048583262498753,Partially Furnished,-0.5105138818094034,2026-03-01,-0.3337806248334098,-0.6456982019962803,Medium,True,False,False,False,False,1.0,1
Shah Alam,0.9338807980622388,0.5989892365307647,1.7743105048504135,0.5217361120329242,Fully Furnished,0.2598677414362939,2026-02-17,-1.4116932130153226,-0.10431878853172098,High,False,True,False,False,False,2.0,2
Cheras,-1.031047586299928,-1.392171330566937,0.8016463124324158,-0.5068069160560783,Partially Furnished,-0.9140471130333401,2025-03-16,-0.795743162625658,-0.8433000318716342,Low,False,False,True,False,False,1.0,0
Cheras,0.9338807980622388,0.5989892365307647,-1.1436820724035799,2.3606463743738684,Fully Furnished,0.14981322382976567,2026-07-20,-0.1797931122359935,-1.0011560727064637,Medium,False,True,False,False,False,2.0,1
Bangsar,-0.04858339411884461,0.5989892365307647,0.8016463124324158,2.1113026099886554,Fully Furnished,1.7272613095233362,2025-12-05,0.8981194759459192,0.22915553686590348,High,False,False,False,False,True,2.0,2
Ampang,-0.04858339411884461,-0.3965910470180861,-1.1436820724035799,-0.8184866215375943,Fully Furnished,-0.3637745250006992,2026-03-06,0.1281819129588384,0.2641908893812169,Medium,True,False,False,False,False,2.0,1
Cheras,0.9338807980622388,0.5989892365307647,-1.1436820724035799,0.6775759647736822,Fully Furnished,0.11312838462758962,2026-06-20,0.2821694255562554,-0.349751368880588,Medium,False,False,True,False,False,2.0,1
Subang Jaya,-0.04858339411884461,0.5989892365307647,-1.1436820724035799,-0.6314787982486847,Unfurnished,-1.1341561482463964,2025-06-05,0.436156938153671,-1.0878775879456088,Low,True,False,False,False,False,0.0,0
Kajang,0.9338807980622388,0.5989892365307647,1.7743105048504135,2.3606463743738684,Fully Furnished,-0.21703516819199492,2025-11-29,-0.02580559963857721,-1.257996797282329,Medium,False,False,False,False,True,2.0,1
Cheras,-1.031047586299928,-0.3965910470180861,-0.17101787998558207,-0.5691428571523816,Fully Furnished,-0.6205683994159316,2026-01-24,-0.02580559963857721,-0.3749960993439233,Low,False,False,True,False,False,2.0,0
Subang Jaya,-1.031047586299928,-0.3965910470180861,-0.17101787998558207,-0.382135033863472,Partially Furnished,-0.6572532386181076,2026-04-09,0.2821694255562554,-0.56977412454786,Low,True,False,False,False,False,1.0,0
Ampang,-0.04858339411884461,-0.3965910470180861,0.8016463124324158,0.023048583262498753,Full Furnished,0.8101403294689348,2025-04-01,-0.6417556500282418,0.9331453464342273,High,False,True,False,False,False,,2
Puchong,-0.04858339411884461,0.5989892365307647,0.8016463124324158,-0.13279126947825923,Unfurnished,-0.8406774346289879,2026-04-09,0.1281819129588384,-0.9622485173994266,Low,False,True,False,False,False,0.0,0
Cyberjaya,-1.031047586299928,-1.392171330566937,0.8016463124324158,-0.911990533182049,Fully Furnished,2.5022285376693056,2025-04-21,0.1281819129588384,5.156811516701038,High,True,False,False,False,False,2.0,2
Cheras,-1.031047586299928,-1.392171330566937,0.8016463124324158,-0.2574631516708656,Fully Furnished,-0.4004593642028752,2025-06-13,0.1281819129588384,-0.31880705494151024,Medium,False,True,False,False,False,2.0,1
Klcc,-0.04858339411884461,-0.3965910470180861,-1.1436820724035799,-0.47563894550792674,Fully Furnished,0.8468251686711108,2025-05-28,0.7441319633485036,1.616336289304465,High,True,False,False,False,False,2.0,2
Ampang,-1.031047586299928,-0.3965910470180861,-1.1436820724035799,-0.13279126947825923,Unfurnished,-0.033610972181114626,2025-06-10,0.436156938153671,0.050365111571954835,Medium,False,False,True,False,False,0.0,1
Subang Jaya,-0.04858339411884461,0.5989892365307647,-1.1436820724035799,0.054216553810650346,Unfurnished,-0.4004593642028752,2026-03-23,-0.02580559963857721,-0.5338019692025296,Medium,False,True,False,False,False,0.0,1
Puchong,-1.031047586299928,-0.3965910470180861,-1.1436820724035799,0.8645837880625918,Fully Furnished,0.0030738670210614335,2026-01-12,-0.3337806248334098,-0.5569954211842907,Medium,False,True,False,False,False,2.0,1
Mont Kiara,-0.04858339411884461,0.5989892365307647,-1.1436820724035799,0.5840720531292275,Partially Furnished,1.2136735606928715,2026-01-20,-0.02580559963857721,0.8298697379795432,High,False,True,False,False,False,1.0,2
Petaling Jaya,-0.04858339411884461,0.5989892365307647,-1.1436820724035799,-0.1951272105745624,Partially Furnished,-0.4004593642028752,2025-07-10,0.7441319633485036,-0.3652807030747003,Medium,True,False,False,False,False,1.0,1
Kajang,-1.031047586299928,-0.3965910470180861,0.8016463124324158,-0.2574631516708656,Fully Furnished,-0.7673077562246358,2026-05-30,-0.4877681374308255,-0.7980665513150321,Low,False,True,False,False,False,2.0,0
Klcc,-0.04858339411884461,-0.3965910470180861,0.8016463124324158,0.2412243770995599,Fully Furnished,1.4704674351081037,2025-05-28,1.206094501140752,1.4536048347442843,High,True,False,False,False,False,2.0,2
Petaling Jaya,-1.031047586299928,-1.392171330566937,-0.17101787998558207,,Fully Furnished,-0.8039925954268119,2026-01-09,1.206094501140752,,Low,True,False,False,False,False,2.0,0
Cyberjaya,-0.04858339411884461,-0.3965910470180861,-1.1436820724035799,-0.2574631516708656,Partially Furnished,-0.6939380778202837,2025-03-23,0.1281819129588384,-0.702214652040328,Low,False,False,True,False,False,1.0,0
Subang Jaya,0.9338807980622388,1.5945695200796155,1.7743105048504135,2.3606463743738684,Fully Furnished,1.1403038822885192,2025-09-24,0.1281819129588384,-0.3076861163516274,High,False,False,False,False,True,2.0,2
Petaling Jaya,-1.031047586299928,-1.392171330566937,-1.1436820724035799,0.8334158175144402,Partially Furnished,0.2965525806384699,2026-06-19,1.0521069885433363,-0.259625768646901,High,False,False,True,False,False,1.0,2
Ampang,0.9338807980622388,0.5989892365307647,-1.1436820724035799,-0.00811938728565284,Partially Furnished,-0.5471987210115794,2025-09-19,-0.3337806248334098,-0.6711768941799472,Low,True,False,False,False,False,1.0,0
Setapak,-0.04858339411884461,-0.3965910470180861,-1.1436820724035799,-1.1925022681154134,Fully Furnished,-1.2808955050551007,2026-06-15,-0.1797931122359935,-0.9540047158067152,Low,True,False,False,False,False,2.0,0
Bangsar,0.9338807980622388,0.5989892365307647,0.8016463124324158,-0.03928735783380444,Fully Furnished,1.580521952714632,2026-02-17,-0.1797931122359935,1.940164148157532,High,False,False,True,False,False,2.0,2
Setapak,-0.04858339411884461,0.5989892365307647,-1.1436820724035799,-0.3197990927671688,Unfurnished,-1.1708409874485726,2025-05-11,1.206094501140752,-1.2980098785846743,Low,False,True,False,False,False,0.0,0
Subang Jaya,-1.031047586299928,-0.3965910470180861,-1.1436820724035799,-0.5068069160560783,Fully Furnished,-0.07029581138329069,2026-06-19,-0.02580559963857721,0.3580796719590704,Medium,False,False,True,False,False,2.0,1
Kajang,0.9338807980622388,1.5945695200796155,0.8016463124324158,-0.35096706331532035,Fully Furnished,-0.8406774346289879,2026-01-16,-0.3337806248334098,-0.838854593559587,Low,False,False,True,False,False,2.0,0
Puchong,0.9338807980622388,0.5989892365307647,-0.17101787998558207,-0.53797488660423,Unfurnished,-0.8039925954268119,2025-12-06,-0.9497306752230744,-0.6646363506201314,Low,False,False,True,False,False,0.0,0
Petaling Jaya,-0.04858339411884461,0.5989892365307647,0.8016463124324158,-0.5691428571523816,Fully Furnished,-0.033610972181114626,2025-06-27,-0.3337806248334098,0.47995877234769274,Medium,False,True,False,False,False,2.0,1
Cyberjaya,-1.031047586299928,-1.392171330566937,-0.17101787998558207,1.0204236408033498,Partially Furnished,0.0030738670210614335,2025-08-19,-0.4877681374308255,-0.6317148855448023,Medium,False,True,False,False,False,1.0,1
Kajang,0.9338807980622388,0.5989892365307647,1.7743105048504135,-0.35096706331532035,Partially Furnished,-0.9140471130333401,2026-01-14,-1.1037181878204907,-0.9377655960026331,Low,False,True,False,False,False,1.0,0
Setapak,1.9163449902433223,2.5901498036284663,0.8016463124324158,1.456775228477472,Partially Furnished,-0.5105138818094034,2025-03-29,-0.02580559963857721,-1.2429580969617684,Medium,False,False,False,False,True,1.0,1
Cheras,0.9338807980622388,0.5989892365307647,-1.1436820724035799,1.0204236408033498,Partially Furnished,-0.4371442034050513,2026-06-30,0.8981194759459192,-1.0359598520511641,Medium,False,False,False,False,True,1.0,1
Klcc,-0.04858339411884461,-0.3965910470180861,0.8016463124324158,-0.16395924002641082,Fully Furnished,1.69057647032116,2025-12-30,-0.1797931122359935,2.2620053330299044,High,False,False,True,False,False,2.0,2
Subang Jaya,-0.04858339411884461,-0.3965910470180861,0.8016463124324158,1.238599434640411,Fully Furnished,0.6634009726602305,2025-10-21,0.590144450751088,-0.1505704455248739,High,False,True,False,False,False,2.0,2
Bangsar,-1.031047586299928,-1.392171330566937,0.8016463124324158,-0.00811938728565284,Fully Furnished,1.8006309879276883,2025-11-26,0.590144450751088,2.1623878234265512,High,False,False,True,False,False,2.0,2
Cheras,-0.04858339411884461,0.5989892365307647,0.8016463124324158,0.08538452435880194,Full Furnished,-0.3270896857985231,2026-08-23,0.590144450751088,-0.46702249178295124,Medium,False,True,False,False,False,,1
Bangsar,-1.031047586299928,-1.392171330566937,0.8016463124324158,-0.00811938728565284,Fully Furnished,1.8006309879276883,2025-04-28,-0.795743162625658,2.1623878234265512,High,False,False,True,False,False,2.0,2
Bangsar,-2.0135117784810115,-1.392171330566937,-1.1436820724035799,-1.9405335612710517,Full Furnished,-0.5471987210115794,2025-06-04,-0.3337806248334098,2.1376765032148666,Low,False,False,False,True,False,,0
Cyberjaya,-0.04858339411884461,-0.3965910470180861,0.8016463124324158,-1.1925022681154134,Unfurnished,-1.0974713090442203,2026-04-09,1.3600820137381688,-0.6070780654467781,Low,False,False,True,False,False,0.0,0
Ampang,0.9338807980622388,0.5989892365307647,-0.17101787998558207,-0.8808225626338975,Partially Furnished,-0.8406774346289879,2025-08-22,0.590144450751088,-0.44577970073397594,Low,True,False,False,False,False,1.0,0
Petaling Jaya,-1.031047586299928,-1.392171330566937,0.8016463124324158,0.7399119058699855,Fully Furnished,0.7000858118624066,2025-06-13,0.436156938153671,0.1916600365447059,High,False,True,False,False,False,2.0,2
Petaling Jaya,-0.04858339411884461,-0.3965910470180861,-1.1436820724035799,-0.6938147393449879,Unfurnished,-0.5838835602137555,2026-05-29,-1.2577057004179064,-0.21082931298747612,Low,False,False,True,False,False,0.0,0
Petaling Jaya,0.9338807980622388,0.5989892365307647,0.8016463124324158,1.1139275524478045,Partially Furnished,0.07644354542541355,2026-04-14,-0.1797931122359935,-0.6080622545258133,Medium,False,False,False,False,True,1.0,1
Bangsar,-1.031047586299928,-1.392171330566937,-0.17101787998558207,-0.1951272105745624,PARTIALLY FURNISHED,1.0669342038841672,2025-05-08,0.436156938153671,1.5130292423083953,High,False,True,False,False,False,,2
Bangsar,0.9338807980622388,0.5989892365307647,0.8016463124324158,0.8645837880625918,Fully Furnished,1.8740006663320405,2025-04-27,0.2821694255562554,1.2256336980336129,High,False,True,False,False,False,2.0,2
Mont Kiara,1.9163449902433223,1.5945695200796155,0.8016463124324158,2.3606463743738684,Unfurnished,1.8006309879276883,2025-06-29,-0.4877681374308255,0.15462718788492988,High,False,False,False,False,True,0.0,2
Kajang,-1.031047586299928,-0.3965910470180861,-0.17101787998558207,-0.35096706331532035,Unfurnished,-1.0241016306398683,2025-06-14,0.1281819129588384,-1.086132099667202,Low,False,False,True,False,False,0.0,0
Ampang,-2.0135117784810115,-1.392171330566937,-1.1436820724035799,-1.5353499441450809,Full Furnished,-0.6939380778202837,2025-12-13,0.2821694255562554,0.7013310159107005,Low,False,False,False,True,False,,0
Shah Alam,-2.0135117784810115,-1.392171330566937,-1.1436820724035799,-2.002869502367355,Fully Furnished,-1.3175803442572767,2026-05-20,-0.02580559963857721,-0.011379621901909956,Low,False,False,False,True,False,2.0,0
Cyberjaya,0.9338807980622388,1.5945695200796155,1.7743105048504135,-1.0054944448265037,Fully Furnished,-0.9874167914376921,2026-03-11,0.1281819129588384,-0.5814149981598785,Low,False,False,True,False,False,2.0,0
Klcc,-1.031047586299928,-1.392171330566937,0.8016463124324158,0.6775759647736822,Fully Furnished,2.5022285376693056,2025-11-12,0.2821694255562554,2.0341400846852253,High,False,True,False,False,False,2.0,2
Petaling Jaya,0.9338807980622388,0.5989892365307647,-1.1436820724035799,0.39706422984031786,Fully Furnished,0.5533464550537023,2026-02-02,0.7441319633485036,0.2961072480326524,High,False,True,False,False,False,2.0,2
Klcc,-1.031047586299928,-0.3965910470180861,-1.1436820724035799,-0.6626467687968364,PARTIALLY FURNISHED,0.2965525806384699,2025-12-11,0.8981194759459192,1.0887324421459637,High,True,False,False,False,False,,2
Ampang,-0.04858339411884461,-0.3965910470180861,-1.1436820724035799,0.4905681414847727,Fully Furnished,0.6267161334580544,2025-09-21,0.1281819129588384,0.3006655502883973,High,False,True,False,False,False,2.0,2
Subang Jaya,-1.031047586299928,-1.392171330566937,-1.1436820724035799,-0.9743264742783523,Fully Furnished,-0.8406774346289879,2025-04-24,-1.4116932130153226,-0.3576659330258499,Low,True,False,False,False,False,2.0,0
Petaling Jaya,-0.04858339411884461,-0.3965910470180861,0.8016463124324158,1.082759581899653,Partially Furnished,0.2598677414362939,2026-07-19,0.590144450751088,-0.4276674262606388,High,False,True,False,False,False,1.0,2
Subang Jaya,-1.031047586299928,-1.392171330566937,-0.17101787998558207,0.14772046545510512,Unfurnished,0.11312838462758962,2025-06-30,-0.02580559963857721,0.0009897362750034228,Medium,False,False,True,False,False,0.0,1
Ampang,-1.031047586299928,-0.3965910470180861,0.8016463124324158,-0.47563894550792674,Partially Furnished,0.14981322382976567,2025-05-17,-0.02580559963857721,0.634919342841798,Medium,False,False,True,False,False,1.0,1
Puchong,0.9338807980622388,1.5945695200796155,1.7743105048504135,-0.10162329893010762,Unfurnished,-0.8773622738311639,2025-04-25,-0.02580559963857721,-1.024070294212742,Low,False,False,True,False,False,0.0,0
Puchong,-2.0135117784810115,-1.392171330566937,-1.1436820724035799,-2.3457171783970225,Partially Furnished,-1.7577984146833894,2025-08-22,-0.1797931122359935,-0.9146863620992558,Low,False,False,False,True,False,1.0,0
Klcc,-1.031047586299928,-1.392171330566937,-0.17101787998558207,-0.2886311222190172,Unfurnished,0.8468251686711108,2026-06-26,-0.02580559963857721,1.351611981377035,High,True,False,False,False,False,0.0,2
Petaling Jaya,-1.031047586299928,-1.392171330566937,-0.17101787998558207,-0.5068069160560783,Partially Furnished,-0.47382904260722736,2026-01-05,-0.02580559963857721,-0.2164932298730056,Medium,False,True,False,False,False,1.0,1
Setapak,-0.04858339411884461,0.5989892365307647,0.8016463124324158,0.8957517586107434,Partially Furnished,-0.10698065058546674,2026-05-15,0.2821694255562554,-0.6764633955187656,Medium,False,True,False,False,False,1.0,1
Kajang,0.9338807980622388,1.5945695200796155,-0.17101787998558207,-0.41330300441162354,Partially Furnished,-1.2075258266507485,2025-10-18,0.1281819129588384,-1.3054564963887387,Low,True,False,False,False,False,1.0,0
Subang Jaya,-0.04858339411884461,-0.3965910470180861,0.8016463124324158,-0.47563894550792674,Partially Furnished,-0.290404846596347,2026-05-16,1.0521069885433363,0.015077060865376626,Medium,False,False,True,False,False,1.0,1
Puchong,0.9338807980622388,0.5989892365307647,0.8016463124324158,-0.2574631516708656,Full Furnished,-0.5105138818094034,2026-04-01,0.7441319633485036,-0.46258490385356665,Medium,True,False,False,False,False,,1
Bangsar,-1.031047586299928,-0.3965910470180861,0.8016463124324158,-0.9431585037302007,PARTIALLY FURNISHED,-0.21703516819199492,2026-06-22,-0.02580559963857721,0.6659114569406189,Medium,False,False,True,False,False,,1
Bangsar,0.9338807980622388,0.5989892365307647,-1.1436820724035799,-0.07045532838195603,Fully Furnished,0.8468251686711108,2025-10-29,-0.9497306752230744,1.0817473956257717,High,True,False,False,False,False,2.0,2
Setapak,-0.04858339411884461,-0.3965910470180861,-1.1436820724035799,-0.6626467687968364,Fully Furnished,-0.6939380778202837,2025-08-28,0.590144450751088,-0.4055302019043381,Low,False,False,True,False,False,2.0,0
Petaling Jaya,0.9338807980622388,0.5989892365307647,-0.17101787998558207,0.6152400236773791,Fully Furnished,0.7367706510645826,2025-11-24,-1.565680725612739,0.3187997790338231,High,False,True,False,False,False,2.0,2
Shah Alam,-2.0135117784810115,-1.392171330566937,-1.1436820724035799,-1.9405335612710517,Fully Furnished,-1.1708409874485726,2025-10-04,0.7441319633485036,0.2997720624708257,Low,False,False,False,True,False,2.0,0
Cheras,-0.04858339411884461,0.5989892365307647,0.8016463124324158,-1.5353499441450809,Fully Furnished,-1.2075258266507485,2026-02-18,1.0521069885433363,-0.46087326279508983,Low,False,False,True,False,False,2.0,0
Kajang,-2.0135117784810115,-1.392171330566937,-1.1436820724035799,-2.0963734140118095,Fully Furnished,-1.537689379470333,2026-04-26,-0.795743162625658,-0.5395186651135269,Low,False,False,False,True,False,2.0,0
Klcc,-0.04858339411884461,-0.3965910470180861,-1.1436820724035799,-0.1951272105745624,Fully Furnished,1.8006309879276883,2026-08-16,-0.02580559963857721,2.452184214999942,High,True,False,False,False,False,2.0,2
Shah Alam,-0.04858339411884461,-0.3965910470180861,0.8016463124324158,2.3606463743738684,Partially Furnished,0.36992225904282205,2025-09-08,1.5140695263355846,-0.8470516379609446,High,False,False,False,False,True,1.0,2
Bangsar,-0.04858339411884461,0.5989892365307647,0.8016463124324158,-0.5691428571523816,Unfurnished,0.14981322382976567,2026-01-13,-0.795743162625658,0.7471321697513225,Medium,False,False,True,False,False,0.0,1
Puchong,-1.031047586299928,-0.3965910470180861,-1.1436820724035799,-0.53797488660423,Fully Furnished,-0.5838835602137555,2025-04-21,0.590144450751088,-0.34767154733673367,Low,False,False,True,False,False,2.0,0
Setapak,-1.031047586299928,-0.3965910470180861,-0.17101787998558207,0.11655249490695353,Fully Furnished,-0.290404846596347,2025-11-18,0.590144450751088,-0.444118024176789,Medium,False,True,False,False,False,2.0,1
Ampang,0.9338807980622388,1.5945695200796155,-1.1436820724035799,0.023048583262498753,Partially Furnished,0.4066070982449981,2026-08-31,-0.6417556500282418,0.45072092885823867,High,False,False,True,False,False,1.0,2
Puchong,0.9338807980622388,1.5945695200796155,0.8016463124324158,0.023048583262498753,Partially Furnished,-0.47382904260722736,2026-08-07,-0.6417556500282418,-0.6018414367620994,Medium,False,True,False,False,False,1.0,1
Kajang,-0.04858339411884461,0.5989892365307647,0.8016463124324158,1.6437830517663816,Partially Furnished,-0.18035032898981887,2026-07-08,1.5140695263355846,-1.0304164084176382,Medium,False,True,False,False,False,1.0,1
Setapak,1.9163449902433223,1.5945695200796155,0.8016463124324158,1.986630727796049,Partially Furnished,-0.4004593642028752,2025-06-19,0.2821694255562554,-1.2988785457503218,Medium,False,False,False,False,True,1.0,1
Ampang,0.9338807980622388,0.5989892365307647,0.8016463124324158,-0.382135033863472,not furnished,-0.253720007394171,2025-08-06,0.590144450751088,-0.019914035697808426,Medium,False,False,True,False,False,,1
Petaling Jaya,-1.031047586299928,-0.3965910470180861,0.8016463124324158,0.771079876418137,Partially Furnished,0.11312838462758962,2025-04-04,1.0521069885433363,-0.40212447508029187,Medium,False,True,False,False,False,1.0,1
Kajang,0.9338807980622388,0.5989892365307647,-0.17101787998558207,-1.223670238663565,Partially Furnished,-1.3542651834594528,2026-08-29,0.1281819129588384,-1.069646932593361,Low,False,False,True,False,False,1.0,0
Petaling Jaya,0.9338807980622388,0.5989892365307647,1.7743105048504135,0.054216553810650346,Fully Furnished,0.14981322382976567,2025-10-24,1.5140695263355846,0.11790136465118492,Medium,False,True,False,False,False,2.0,1
Kajang,-1.031047586299928,-0.3965910470180861,-0.17101787998558207,0.5217361120329242,Unfurnished,-0.7673077562246358,2026-01-12,-0.3337806248334098,-1.1712604214419549,Low,False,True,False,False,False,0.0,0
Ampang,1.9163449902433223,2.5901498036284663,0.8016463124324158,1.6437830517663816,PARTIALLY FURNISHED,0.6634009726602305,2026-07-19,0.1281819129588384,-0.35368986638641847,High,False,False,False,False,True,,2
Shah Alam,-0.04858339411884461,-0.3965910470180861,0.8016463124324158,,Partially Furnished,0.039758706223237496,2025-04-07,-0.4877681374308255,,Medium,False,True,False,False,False,1.0,1
Kajang,-0.04858339411884461,0.5989892365307647,-1.1436820724035799,0.3035603181958631,Fully Furnished,-0.47382904260722736,2025-10-10,1.5140695263355846,-0.7597257916051503,Medium,False,False,True,False,False,2.0,1
Klcc,-0.04858339411884461,-0.3965910470180861,0.8016463124324158,0.39706422984031786,Fully Furnished,2.5022285376693056,2025-08-16,-0.3337806248334098,2.389059868583334,High,False,True,False,False,False,2.0,2
Petaling Jaya,1.9163449902433223,1.5945695200796155,0.8016463124324158,2.2048065216331105,Partially Furnished,0.7000858118624066,2026-06-10,0.590144450751088,-0.5589814161923321,High,False,False,False,False,True,1.0,2
Shah Alam,-1.031047586299928,-0.3965910470180861,-1.1436820724035799,0.08538452435880194,Partially Furnished,-0.5105138818094034,2025-05-01,-0.02580559963857721,-0.6822455063580976,Medium,False,False,True,False,False,1.0,1
Subang Jaya,-0.04858339411884461,-0.3965910470180861,-1.1436820724035799,0.9580876997070465,Unfurnished,0.11312838462758962,2026-02-04,0.8981194759459192,-0.49993895283562084,Medium,False,True,False,False,False,0.0,1
Cyberjaya,-2.0135117784810115,-1.392171330566937,0.8016463124324158,-2.065205443463658,Partially Furnished,-1.464319701065981,2025-07-06,-0.4877681374308255,-0.3544442995436442,Low,False,False,False,True,False,1.0,0
Subang Jaya,0.9338807980622388,0.5989892365307647,-1.1436820724035799,-0.7561506804412911,Partially Furnished,-0.8039925954268119,2026-01-23,0.590144450751088,-0.49571889372630423,Low,True,False,False,False,False,1.0,0
Mont Kiara,0.9338807980622388,0.5989892365307647,0.8016463124324158,-0.16395924002641082,Fully Furnished,1.69057647032116,2026-08-02,-1.4116932130153226,2.2620053330299044,High,False,True,False,False,False,2.0,2
Kajang,-0.04858339411884461,-0.3965910470180861,-1.1436820724035799,0.11655249490695353,Fully Furnished,2.5022285376693056,2025-07-31,-0.3337806248334098,2.802590258996726,High,True,False,False,False,False,2.0,2
Mont Kiara,-1.031047586299928,-1.392171330566937,-1.1436820724035799,0.6152400236773791,Unfurnished,0.956879686277639,2025-06-17,0.1281819129588384,0.5419430005453346,High,False,True,False,False,False,0.0,2
Setapak,0.9338807980622388,0.5989892365307647,-1.1436820724035799,-0.7249827098931395,Partially Furnished,-0.9140471130333401,2025-09-18,0.7441319633485036,-0.6916943216321284,Low,False,True,False,False,False,1.0,0
Petaling Jaya,0.9338807980622388,1.5945695200796155,0.8016463124324158,-0.382135033863472,Partially Furnished,-0.290404846596347,2026-08-16,-0.02580559963857721,-0.06990131650235891,Medium,False,False,True,False,False,1.0,1
Mont Kiara,0.9338807980622388,0.5989892365307647,-1.1436820724035799,0.11655249490695353,Fully Furnished,2.277533897555977,2026-08-01,0.1281819129588384,2.5413608569023056,High,False,True,False,False,False,2.0,2
Kajang,1.9163449902433223,2.5901498036284663,1.7743105048504135,2.235974492181262,NOT FURNISHED,-0.5105138818094034,2025-07-22,0.2821694255562554,-1.4373499812234416,Medium,False,False,False,False,True,,1
Setapak,0.9338807980622388,0.5989892365307647,1.7743105048504135,-0.16395924002641082,Unfurnished,-0.7306229170224597,2025-09-24,-0.02580559963857721,-0.806213962753382,Low,False,True,False,False,False,0.0,0
Cheras,1.9163449902433223,-0.3965910470180861,0.8016463124324158,2.0177986983442007,Partially Furnished,-0.1436654897876428,2025-12-09,-0.3337806248334098,-1.1152235709739804,Medium,False,False,False,False,True,1.0,1
Cheras,0.9338807980622388,0.5989892365307647,1.7743105048504135,-0.16395924002641082,Fully Furnished,-0.4371442034050513,2025-08-18,0.7441319633485036,-0.434308593567529,Medium,False,False,True,False,False,2.0,1
Cyberjaya,-2.0135117784810115,-1.392171330566937,-1.1436820724035799,-1.9405335612710517,Fully Furnished,-1.2442106658529246,2025-04-18,-0.9497306752230744,0.08354801061858569,Low,False,False,False,True,False,2.0,0
Shah Alam,-1.031047586299928,-1.392171330566937,-1.1436820724035799,-0.911990533182049,Partially Furnished,-0.6572532386181076,2026-08-28,-0.1797931122359935,-0.11133814137981489,Low,False,False,True,False,False,1.0,0
Kajang,-0.04858339411884461,-0.3965910470180861,-1.1436820724035799,-0.6003108277005331,Fully Furnished,-0.9874167914376921,2025-12-23,-0.4877681374308255,-0.8894602227164944,Low,False,True,False,False,False,2.0,0
Kajang,-0.04858339411884461,-0.3965910470180861,0.8016463124324158,-0.8496545920857459,Fully Furnished,-1.1708409874485726,2026-04-27,0.1281819129588384,-1.0100467131725512,Low,True,False,False,False,False,2.0,0
Puchong,-0.04858339411884461,-0.3965910470180861,0.8016463124324158,-1.0054944448265037,Fully Furnished,-0.9507319522355161,2025-10-18,-0.795743162625658,-0.517732571929424,Low,True,False,False,False,False,2.0,0
Mont Kiara,0.9338807980622388,1.5945695200796155,1.7743105048504135,-0.1951272105745624,Fully Furnished,1.4704674351081037,2025-08-12,0.8981194759459192,2.0295644772887464,High,False,False,True,False,False,2.0,2
Cyberjaya,-1.031047586299928,-0.3965910470180861,-0.17101787998558207,0.5529040825810758,Fully Furnished,0.14981322382976567,2026-07-04,0.7441319633485036,-0.2381511884786493,Medium,False,True,False,False,False,2.0,1
Setapak,-0.04858339411884461,0.5989892365307647,-1.1436820724035799,0.08538452435880194,Fully Furnished,-0.47382904260722736,2026-06-03,0.590144450751088,-0.6392009034430682,Medium,False,True,False,False,False,2.0,1
Klcc,-0.04858339411884461,-0.3965910470180861,-1.1436820724035799,0.5217361120329242,Partially Furnished,2.3875884151625053,2025-08-21,1.206094501140752,2.1057745939251915,High,False,True,False,False,False,1.0,2
Ampang,-1.031047586299928,-1.392171330566937,-0.17101787998558207,-1.0989983564709587,PARTIALLY FURNISHED,-0.8406774346289879,2025-11-20,-0.02580559963857721,-0.22843240705393178,Low,True,False,False,False,False,,0
Subang Jaya,-1.031047586299928,-0.3965910470180861,-0.17101787998558207,-0.9431585037302007,Fully Furnished,-0.5105138818094034,2026-04-11,0.436156938153671,0.17003763135948186,Medium,False,False,True,False,False,2.0,1
Cyberjaya,-2.0135117784810115,-1.392171330566937,-1.1436820724035799,-2.221045296204416,Fully Furnished,-1.464319701065981,2025-10-30,-0.02580559963857721,-0.02138424983911904,Low,False,False,False,True,False,2.0,0
Setapak,-1.031047586299928,-1.392171330566937,0.8016463124324158,2.3606463743738684,Fully Furnished,-1.3175803442572767,2026-02-16,-1.2577057004179064,-2.0285189710099245,Low,True,False,False,False,False,2.0,0
Klcc,-0.04858339411884461,0.5989892365307647,-1.1436820724035799,-0.6314787982486847,Unfurnished,0.7734554902667586,2025-08-16,0.2821694255562554,1.756104647005031,High,True,False,False,False,False,0.0,2
Puchong,0.9338807980622388,-0.3965910470180861,0.8016463124324158,-0.2886311222190172,Unfurnished,-0.9874167914376921,2025-03-20,-0.02580559963857721,-1.069646932593361,Low,False,False,True,False,False,0.0,0
Shah Alam,0.9338807980622388,1.5945695200796155,-0.17101787998558207,0.5217361120329242,Unfurnished,-0.47382904260722736,2025-03-12,-1.4116932130153226,-0.8664199548961736,Medium,False,True,False,False,False,0.0,1
Klcc,0.9338807980622388,0.5989892365307647,-0.17101787998558207,1.4879431990256238,Partially Furnished,2.5022285376693056,2025-04-23,0.8981194759459192,1.2433674652230646,High,False,False,False,False,True,1.0,2
Kajang,0.9338807980622388,0.5989892365307647,-0.17101787998558207,-0.07045532838195603,Partially Furnished,-1.1708409874485726,2025-09-22,0.7441319633485036,-1.4006306753963045,Low,True,False,False,False,False,1.0,0
Subang Jaya,0.9338807980622388,0.5989892365307647,1.7743105048504135,-0.6003108277005331,Fully Furnished,-0.21703516819199492,2025-06-13,0.7441319633485036,0.24571604950776602,Medium,False,False,True,False,False,2.0,1
Cheras,0.9338807980622388,1.5945695200796155,0.8016463124324158,0.7087439353218338,Fully Furnished,0.2965525806384699,2025-03-12,-0.4877681374308255,-0.1858874289941664,High,False,True,False,False,False,2.0,2
Setapak,0.9338807980622388,-0.3965910470180861,-1.1436820724035799,-0.3197990927671688,Fully Furnished,-0.5471987210115794,2025-10-06,1.3600820137381688,-0.466116289616319,Low,False,False,True,False,False,2.0,0
Cheras,-1.031047586299928,-1.392171330566937,0.8016463124324158,0.5217361120329242,Fully Furnished,-0.033610972181114626,2026-07-16,-1.8736557508075715,-0.40915925507750195,Medium,False,True,False,False,False,2.0,1
Cheras,0.9338807980622388,1.5945695200796155,0.8016463124324158,1.8619588456034428,Fully Furnished,0.5533464550537023,2025-05-23,-2.6435933137946526,-0.5343285981591791,High,False,True,False,False,False,2.0,2
Cyberjaya,-2.0135117784810115,-1.392171330566937,-1.1436820724035799,-1.8781976201747486,Partially Furnished,-1.4276348618638048,2026-04-11,-1.4116932130153226,-0.5531116976130097,Low,False,False,False,True,False,1.0,0
Petaling Jaya,0.9338807980622388,0.5989892365307647,0.8016463124324158,-0.6003108277005331,Fully Furnished,0.0030738670210614335,2025-07-02,-0.795743162625658,0.5700521272861259,Medium,False,True,False,False,False,2.0,1
Cheras,-0.04858339411884461,-0.3965910470180861,0.8016463124324158,-0.2574631516708656,Partially Furnished,-0.6205683994159316,2025-07-13,0.2821694255562554,-0.6063627527656236,Low,False,False,True,False,False,1.0,0
Setapak,-1.031047586299928,-1.392171330566937,-1.1436820724035799,-0.6626467687968364,Fully Furnished,-0.6939380778202837,2025-09-13,-1.565680725612739,-0.4055302019043381,Low,False,True,False,False,False,2.0,0
Mont Kiara,-2.0135117784810115,-1.392171330566937,-1.1436820724035799,-1.9717015318192033,Unfurnished,-0.8039925954268119,2025-10-07,-1.565680725612739,1.4761338683812275,Low,False,False,False,True,False,0.0,0
Shah Alam,-0.04858339411884461,-0.3965910470180861,-1.1436820724035799,0.3035603181958631,Partially Furnished,-0.7306229170224597,2026-04-15,1.0521069885433363,-1.0426972681596036,Low,True,False,False,False,False,1.0,0
Bangsar,-0.04858339411884461,-0.3965910470180861,0.8016463124324158,0.08538452435880194,Fully Furnished,1.69057647032116,2025-07-24,1.5140695263355846,1.900430668543658,High,False,False,True,False,False,2.0,2
Kajang,-2.0135117784810115,-1.392171330566937,-1.1436820724035799,-2.127541384559961,Partially Furnished,-1.6110590578746853,2025-05-30,-0.02580559963857721,-0.734597050443944,Low,False,False,False,True,False,1.0,0
Kajang,-0.04858339411884461,-0.3965910470180861,-1.1436820724035799,0.11655249490695353,Full Furnished,-0.5471987210115794,2025-07-23,1.0521069885433363,-0.7426659122846985,Low,False,True,False,False,False,,0
Klcc,-0.04858339411884461,0.5989892365307647,0.8016463124324158,-0.2886311222190172,Fully Furnished,2.4609580935668576,2025-03-28,-0.02580559963857721,3.482319825670984,High,False,False,True,False,False,2.0,2
Kajang,-0.04858339411884461,0.5989892365307647,-1.1436820724035799,-1.6600218263376874,Fully Furnished,-1.3175803442572767,2025-05-06,-0.4877681374308255,-0.563045067516478,Low,False,False,True,False,False,2.0,0
Subang Jaya,-0.04858339411884461,-0.3965910470180861,0.8016463124324158,2.0489666688923522,Fully Furnished,0.333237419840646,2025-07-12,-0.02580559963857721,-0.7706002176047368,High,False,False,False,False,True,2.0,2
Bangsar,0.9338807980622388,0.5989892365307647,0.8016463124324158,-0.1951272105745624,Fully Furnished,0.6634009726602305,2026-07-17,0.8981194759459192,0.9964940073280437,High,True,False,False,False,False,2.0,2
Kajang,0.9338807980622388,0.5989892365307647,0.8016463124324158,-0.3197990927671688,Fully Furnished,-0.7673077562246358,2025-03-25,-0.02580559963857721,-0.7597257916051503,Low,False,True,False,False,False,2.0,0
Petaling Jaya,-0.04858339411884461,-0.3965910470180861,0.8016463124324158,0.8957517586107434,Partially Furnished,0.44329193744717416,2025-11-03,-1.1037181878204907,-0.1560734199788593,High,False,True,False,False,False,1.0,2
Bangsar,0.9338807980622388,0.5989892365307647,-1.1436820724035799,1.1139275524478045,Unfurnished,1.7272613095233362,2026-07-20,-1.1037181878204907,0.8756027821198764,High,False,True,False,False,False,0.0,2
Cheras,0.9338807980622388,0.5989892365307647,0.8016463124324158,0.8022478469662886,Fully Furnished,-0.10698065058546674,2026-08-27,-0.4877681374308255,-0.6319720388313841,Medium,False,True,False,False,False,2.0,1
Mont Kiara,-1.031047586299928,-0.3965910470180861,-0.17101787998558207,0.5529040825810758,PARTIALLY FURNISHED,1.2870432390972235,2026-04-26,0.436156938153671,0.9335019055011718,High,False,True,False,False,False,,2
Puchong,-2.0135117784810115,-1.392171330566937,-1.1436820724035799,-1.8158616790784452,Partially Furnished,-1.2808955050551007,2025-07-01,-0.3337806248334098,-0.24538857890131113,Low,False,False,False,True,False,1.0,0
Ampang,-1.031047586299928,-1.392171330566937,-0.17101787998558207,,Partially Furnished,0.6634009726602305,2025-04-03,-0.795743162625658,,High,False,True,False,False,False,1.0,2
Bangsar,0.9338807980622388,0.5989892365307647,-1.1436820724035799,1.0204236408033498,Partially Furnished,1.8740006663320405,2026-08-18,-0.4877681374308255,1.0863262221072352,High,False,True,False,False,False,1.0,2
Puchong,1.9163449902433223,1.5945695200796155,0.8016463124324158,1.0515916113515014,Fully Furnished,-0.253720007394171,2026-08-07,0.436156938153671,-0.8801268104063258,Medium,False,False,False,False,True,2.0,1
Shah Alam,-0.04858339411884461,-0.3965910470180861,-1.1436820724035799,0.2412243770995599,Partially Furnished,-0.4004593642028752,2025-11-16,1.0521069885433363,-0.6445338630962577,Medium,False,True,False,False,False,1.0,1
Petaling Jaya,-0.04858339411884461,-0.3965910470180861,0.8016463124324158,-0.1951272105745624,Partially Furnished,0.2231829022341178,2025-09-27,-0.1797931122359935,0.4330010237131153,Medium,False,False,True,False,False,1.0,1
Cheras,-0.04858339411884461,0.5989892365307647,-1.1436820724035799,-0.2886311222190172,Fully Furnished,-0.5105138818094034,2025-04-12,-1.1037181878204907,-0.440119614961058,Medium,False,True,False,False,False,2.0,1
Subang Jaya,-2.0135117784810115,-1.392171330566937,-1.1436820724035799,-2.0963734140118095,Unfurnished,-1.5743742186725092,2025-05-19,0.8981194759459192,-0.6618559576088734,Low,False,False,False,True,False,0.0,0
Petaling Jaya,-0.04858339411884461,-0.3965910470180861,0.8016463124324158,-0.10162329893010762,Partially Furnished,-0.033610972181114626,2026-02-25,-0.4877681374308255,0.024192388541500437,Medium,False,True,False,False,False,1.0,1
Cyberjaya,0.9338807980622388,0.5989892365307647,1.7743105048504135,-0.911990533182049,Partially Furnished,-0.9874167914376921,2025-07-05,0.1281819129588384,-0.6618559576088734,Low,True,False,False,False,False,1.0,0
Petaling Jaya,-0.04858339411884461,-0.3965910470180861,0.8016463124324158,-0.03928735783380444,Fully Furnished,0.2598677414362939,2026-07-29,0.1281819129588384,0.330958223795668,High,False,True,False,False,False,2.0,2
Bangsar,-1.031047586299928,-0.3965910470180861,-1.1436820724035799,-0.226295181122714,Fully Furnished,1.030249364681991,2026-08-17,-0.02580559963857721,1.5077584746045136,High,False,False,True,False,False,2.0,2
Klcc,-1.031047586299928,-0.3965910470180861,0.8016463124324158,1.5191111695737753,Partially Furnished,2.5022285376693056,2025-12-25,-0.6417556500282418,1.21828551650386,High,False,True,False,False,False,1.0,2
Bangsar,0.9338807980622388,0.5989892365307647,0.8016463124324158,0.08538452435880194,Fully Furnished,1.7272613095233362,2025-08-13,0.590144450751088,1.9434752714586878,High,False,False,True,False,False,2.0,2
Kajang,-1.031047586299928,-0.3965910470180861,0.8016463124324158,0.1788884360032567,Partially Furnished,-0.8039925954268119,2025-12-15,-0.4877681374308255,-1.069646932593361,Low,True,False,False,False,False,1.0,0
Puchong,-2.0135117784810115,-1.392171330566937,-1.1436820724035799,-2.0340374729155064,Unfurnished,-1.537689379470333,2025-12-16,0.2821694255562554,-0.6435053637345713,Low,False,False,False,True,False,0.0,0
Kajang,-1.031047586299928,-0.3965910470180861,-1.1436820724035799,-0.07045532838195603,Partially Furnished,-1.1708409874485726,2025-12-22,-1.1037181878204907,-1.4006306753963045,Low,False,True,False,False,False,1.0,0
Mont Kiara,-1.031047586299928,-0.3965910470180861,-1.1436820724035799,,Fully Furnished,2.277533897555977,2025-06-01,-0.795743162625658,,High,False,True,False,False,False,2.0,2
Setapak,0.9338807980622388,1.5945695200796155,-0.17101787998558207,0.7087439353218338,Partially Furnished,-0.3637745250006992,2025-10-31,0.7441319633485036,-0.8396273357661734,Medium,False,True,False,False,False,1.0,1
Puchong,-0.04858339411884461,0.5989892365307647,0.8016463124324158,-0.3197990927671688,Partially Furnished,-0.6572532386181076,2026-04-08,-0.3337806248334098,-0.6129210406107347,Low,False,False,True,False,False,1.0,0
Subang Jaya,0.9338807980622388,0.5989892365307647,0.8016463124324158,-0.6003108277005331,Fully Furnished,-0.3637745250006992,2026-07-13,-1.8736557508075715,0.029491997655525987,Medium,True,False,False,False,False,2.0,1
Shah Alam,-1.031047586299928,-0.3965910470180861,-1.1436820724035799,-0.07045532838195603,Fully Furnished,-0.6939380778202837,2025-04-13,-1.1037181878204907,-0.8138867677001774,Low,True,False,False,False,False,2.0,0
Bangsar,-0.04858339411884461,-0.3965910470180861,0.8016463124324158,1.0204236408033498,Partially Furnished,1.4337825959059278,2026-03-18,1.5140695263355846,0.6820812556008733,High,False,False,False,False,True,1.0,2
Kajang,0.9338807980622388,1.5945695200796155,-0.17101787998558207,-0.382135033863472,Partially Furnished,-1.1341561482463964,2026-07-30,0.7441319633485036,-1.2196087750070115,Low,True,False,False,False,False,1.0,0
Setapak,-1.031047586299928,-1.392171330566937,-1.1436820724035799,0.39706422984031786,Fully Furnished,-0.21703516819199492,2026-08-11,1.5140695263355846,-0.5312246113850291,Medium,True,False,False,False,False,2.0,1
Cheras,0.9338807980622388,0.5989892365307647,-0.17101787998558207,0.27239234764771153,Partially Furnished,-0.253720007394171,2026-07-02,-0.4877681374308255,-0.49873956761507815,Medium,False,True,False,False,False,1.0,1
Setapak,-0.04858339411884461,0.5989892365307647,0.8016463124324158,-0.6626467687968364,Unfurnished,-1.1341561482463964,2026-01-05,-0.1797931122359935,-1.069646932593361,Low,True,False,False,False,False,0.0,0
Shah Alam,-0.04858339411884461,-0.3965910470180861,-1.1436820724035799,-0.16395924002641082,Fully Furnished,-0.1436654897876428,2026-02-08,-0.02580559963857721,-0.0624032243816762,Medium,False,False,True,False,False,2.0,1
Ampang,-0.04858339411884461,0.5989892365307647,-1.1436820724035799,1.7061189928626848,Full Furnished,1.8373158271298644,2026-06-10,1.206094501140752,0.5477540219388637,High,False,True,False,False,False,,2
Ampang,1.9163449902433223,2.5901498036284663,0.8016463124324158,2.329478403825717,Partially Furnished,0.8835100078732868,2025-05-21,-0.1797931122359935,-0.47563141236595735,High,False,False,False,False,True,1.0,2
Puchong,-1.031047586299928,-0.3965910470180861,-1.1436820724035799,0.8957517586107434,Partially Furnished,-0.3637745250006992,2026-07-10,-2.027643263404987,-0.9193120507707215,Medium,False,True,False,False,False,1.0,1
Cyberjaya,-1.031047586299928,-1.392171330566937,-1.1436820724035799,-0.911990533182049,Partially Furnished,-0.9140471130333401,2026-04-03,0.1281819129588384,-0.5395186651135269,Low,True,False,False,False,False,1.0,0
Petaling Jaya,-0.04858339411884461,0.5989892365307647,-1.1436820724035799,-1.3483421208561714,Unfurnished,-1.1708409874485726,2025-09-18,0.1281819129588384,-0.5947677649501351,Low,False,False,True,False,False,0.0,0
Mont Kiara,-0.04858339411884461,-0.3965910470180861,0.8016463124324158,-0.7561506804412911,Fully Furnished,0.7367706510645826,2026-05-20,-0.6417556500282418,1.9147788695153352,High,False,False,True,False,False,2.0,2
Shah Alam,-1.031047586299928,-1.392171330566937,0.8016463124324158,0.3035603181958631,Fully Furnished,0.2231829022341178,2026-06-21,0.2821694255562554,0.008339644756937232,Medium,True,False,False,False,False,2.0,1
Subang Jaya,-1.031047586299928,-1.392171330566937,-0.17101787998558207,-0.911990533182049,Fully Furnished,-0.7306229170224597,2025-08-05,-1.7196682382101554,-0.233675433875161,Low,True,False,False,False,False,2.0,0
Petaling Jaya,1.9163449902433223,-0.3965910470180861,0.8016463124324158,2.3606463743738684,Fully Furnished,1.6538916311189842,2025-05-16,-0.3337806248334098,0.051890898054584036,High,False,False,False,False,True,2.0,2
Mont Kiara,-0.04858339411884461,-0.3965910470180861,0.8016463124324158,1.6749510223145332,Fully Furnished,2.5022285376693056,2025-05-31,-0.4877681374308255,1.097608216062405,High,False,True,False,False,False,2.0,2
Kajang,-1.031047586299928,-1.392171330566937,-0.17101787998558207,2.3606463743738684,Fully Furnished,-0.7673077562246358,2026-07-21,-0.1797931122359935,-1.6432578841461267,Low,False,False,True,False,False,2.0,0
Shah Alam,-1.031047586299928,-1.392171330566937,-0.17101787998558207,-0.2574631516708656,Unfurnished,-0.253720007394171,2025-08-25,-1.7196682382101554,-0.12710325639210182,Medium,False,False,True,False,False,0.0,1
Puchong,0.9338807980622388,0.5989892365307647,0.8016463124324158,-0.00811938728565284,Full Furnished,-0.4004593642028752,2025-12-10,0.436156938153671,-0.49407909932954125,Medium,False,True,False,False,False,,1
Bangsar,-0.04858339411884461,-0.3965910470180861,0.8016463124324158,0.023048583262498753,Fully Furnished,1.7272613095233362,2025-08-19,-0.9497306752230744,2.0295644772887464,High,False,True,False,False,False,2.0,2
Petaling Jaya,-0.04858339411884461,-0.3965910470180861,0.8016463124324158,-0.6626467687968364,Partially Furnished,-0.4371442034050513,2026-02-10,-0.3337806248334098,-0.01812877566907482,Medium,True,False,False,False,False,1.0,1
Ampang,-2.0135117784810115,-1.392171330566937,-1.1436820724035799,-2.0340374729155064,Fully Furnished,-0.9507319522355161,2026-08-29,-1.565680725612739,1.216021482194693,Low,False,False,False,True,False,2.0,0
Cyberjaya,-1.031047586299928,-1.392171330566937,0.8016463124324158,0.1788884360032567,Fully Furnished,-0.07029581138329069,2026-06-10,-0.795743162625658,-0.23202222721981858,Medium,False,True,False,False,False,2.0,1
Shah Alam,-1.031047586299928,-1.392171330566937,-1.1436820724035799,0.054216553810650346,Full Furnished,-0.3270896857985231,2025-12-23,-1.1037181878204907,-0.4469081913553675,Medium,True,False,False,False,False,,1
Kajang,1.9163449902433223,1.5945695200796155,0.8016463124324158,1.7684549339589881,Fully Furnished,-0.5105138818094034,2025-04-19,-0.02580559963857721,-1.3279145500835368,Medium,False,False,False,False,True,2.0,1
Cheras,-1.031047586299928,-1.392171330566937,-1.1436820724035799,0.08538452435880194,Partially Furnished,-0.7306229170224597,2025-11-23,1.5140695263355846,-0.9405131238482732,Low,False,False,True,False,False,1.0,0
Shah Alam,-0.04858339411884461,-0.3965910470180861,-1.1436820724035799,0.2412243770995599,PARTIALLY FURNISHED,-0.253720007394171,2025-10-28,-0.3337806248334098,-0.47997396522641145,Medium,False,True,False,False,False,,1
Petaling Jaya,0.9338807980622388,-0.3965910470180861,-1.1436820724035799,0.6464079942255306,Fully Furnished,0.7734554902667586,2026-03-15,-0.795743162625658,0.33237727663902067,High,False,False,True,False,False,2.0,2
Bangsar,-0.04858339411884461,-0.3965910470180861,0.8016463124324158,-0.2574631516708656,Partially Furnished,0.5166616158515263,2025-04-18,-0.6417556500282418,0.879341685992294,High,True,False,False,False,False,1.0,2
Puchong,-2.0135117784810115,-1.392171330566937,-1.1436820724035799,-1.9093655907229001,Fully Furnished,-1.2808955050551007,2025-08-01,0.1281819129588384,-0.0835342112672362,Low,False,False,False,True,False,2.0,0
Ampang,-1.031047586299928,-1.392171330566937,-0.17101787998558207,-0.5691428571523816,Fully Furnished,-0.3270896857985231,2026-07-22,-0.1797931122359935,0.05248133650188452,Medium,True,False,False,False,False,2.0,1
Cheras,1.9163449902433223,2.5901498036284663,0.8016463124324158,1.8307908750552913,Fully Furnished,0.333237419840646,2026-05-01,0.8981194759459192,-0.6916943216321284,High,False,False,False,False,True,2.0,2
Ampang,0.9338807980622388,1.5945695200796155,1.7743105048504135,0.4282322003884695,Fully Furnished,0.2598677414362939,2025-06-29,-0.3337806248334098,-0.04091709485938435,High,False,True,False,False,False,2.0,2
Subang Jaya,-0.04858339411884461,-0.3965910470180861,-1.1436820724035799,-0.10162329893010762,Fully Furnished,0.2231829022341178,2025-08-29,-0.02580559963857721,0.34322885720583474,Medium,False,True,False,False,False,2.0,1
Setapak,-0.04858339411884461,-0.3965910470180861,0.8016463124324158,2.080134639440504,Partially Furnished,-0.290404846596347,2025-11-17,-0.3337806248334098,-1.2408243069763845,Medium,False,False,False,False,True,1.0,1
Puchong,-0.04858339411884461,-0.3965910470180861,-1.1436820724035799,-0.8808225626338975,Fully Furnished,-0.9140471130333401,2026-02-05,-1.2577057004179064,-0.566528197222889,Low,True,False,False,False,False,2.0,0
Kajang,-0.04858339411884461,-0.3965910470180861,-1.1436820724035799,-0.2886311222190172,Unfurnished,-1.1341561482463964,2025-11-05,0.1281819129588384,-1.263347645710993,Low,True,False,False,False,False,0.0,0
Shah Alam,-0.04858339411884461,-0.3965910470180861,-1.1436820724035799,-0.44447097495977517,Fully Furnished,-0.253720007394171,2025-07-08,0.436156938153671,0.037214285221677315,Medium,False,False,True,False,False,2.0,1
Setapak,-0.04858339411884461,0.5989892365307647,-1.1436820724035799,0.3658962592921663,Fully Furnished,0.0030738670210614335,2026-02-28,-0.4877681374308255,-0.2749773403158977,Medium,False,True,False,False,False,2.0,1
Cyberjaya,-1.031047586299928,-1.392171330566937,-1.1436820724035799,0.11655249490695353,Full Furnished,0.14981322382976567,2025-11-13,-0.795743162625658,0.06767835543677025,Medium,False,False,True,False,False,,1
Shah Alam,0.9338807980622388,0.5989892365307647,-0.17101787998558207,-0.7249827098931395,Fully Furnished,-0.47382904260722736,2025-05-30,-0.6417556500282418,-0.011379621901909956,Medium,True,False,False,False,False,2.0,1
Setapak,-0.04858339411884461,-0.3965910470180861,0.8016463124324158,0.39706422984031786,NOT FURNISHED,-0.6939380778202837,2026-02-24,-0.795743162625658,-1.043382429119784,Low,False,True,False,False,False,,0
Bangsar,-1.031047586299928,-1.392171330566937,0.8016463124324158,-0.44447097495977517,Partially Furnished,0.7000858118624066,2026-01-16,-1.2577057004179064,1.3654477465997232,High,True,False,False,False,False,1.0,2
Cyberjaya,0.9338807980622388,1.5945695200796155,-1.1436820724035799,-0.8496545920857459,Partially Furnished,-0.8039925954268119,2025-12-15,1.0521069885433363,-0.41404451896445377,Low,False,False,True,False,False,1.0,0
Petaling Jaya,0.9338807980622388,1.5945695200796155,0.8016463124324158,0.7399119058699855,Fully Furnished,0.920194847075463,2025-07-17,-0.9497306752230744,0.4078840883969459,High,False,False,True,False,False,2.0,2
Mont Kiara,-1.031047586299928,-0.3965910470180861,-0.17101787998558207,-0.13279126947825923,Partially Furnished,0.7367706510645826,2025-03-13,0.2821694255562554,1.0169508483173646,High,False,False,True,False,False,1.0,2
Mont Kiara,-0.04858339411884461,-0.3965910470180861,-1.1436820724035799,0.2412243770995599,Partially Furnished,1.2503583998950474,2025-11-16,-1.4116932130153226,1.2067649879395146,High,False,True,False,False,False,1.0,2
Mont Kiara,0.9338807980622388,0.5989892365307647,-1.1436820724035799,-1.6288538557895358,Partially Furnished,-0.6572532386181076,2025-04-16,0.590144450751088,0.9770021116684078,Low,True,False,False,False,False,1.0,0
Ampang,0.9338807980622388,0.5989892365307647,-1.1436820724035799,0.9580876997070465,Partially Furnished,1.030249364681991,2025-05-04,-0.795743162625658,0.3546230168009899,High,False,True,False,False,False,1.0,2
Cheras,-0.04858339411884461,-0.3965910470180861,-1.1436820724035799,-0.911990533182049,Partially Furnished,-0.7306229170224597,2025-12-16,-0.02580559963857721,-0.233675433875161,Low,False,True,False,False,False,1.0,0
Subang Jaya,1.9163449902433223,1.5945695200796155,0.8016463124324158,2.3606463743738684,Unfurnished,0.2965525806384699,2025-04-17,0.436156938153671,-0.8984197828761176,High,False,False,False,False,True,0.0,2
Mont Kiara,-0.04858339411884461,0.5989892365307647,-1.1436820724035799,-0.8808225626338975,Partially Furnished,0.333237419840646,2025-08-27,-0.02580559963857721,1.4861962430886366,High,False,False,True,False,False,1.0,2
Cyberjaya,-0.04858339411884461,-0.3965910470180861,-1.1436820724035799,0.054216553810650346,Fully Furnished,0.07644354542541355,2025-05-01,1.3600820137381688,0.031007586804022817,Medium,False,False,True,False,False,2.0,1
Cyberjaya,0.9338807980622388,0.5989892365307647,1.7743105048504135,0.11655249490695353,Unfurnished,-0.5105138818094034,2026-02-02,-0.02580559963857721,-0.7000162139835686,Medium,False,False,True,False,False,0.0,1
Petaling Jaya,0.9338807980622388,-0.3965910470180861,0.8016463124324158,0.2100564065514083,Unfurnished,0.2231829022341178,2025-06-23,1.5140695263355846,0.07872158088974131,Medium,False,False,True,False,False,0.0,1
Subang Jaya,-2.0135117784810115,-1.392171330566937,-1.1436820724035799,-2.0963734140118095,Fully Furnished,-1.2808955050551007,2026-01-11,0.1281819129588384,0.3168423823538975,Low,False,False,False,True,False,2.0,0
Petaling Jaya,-0.04858339411884461,-0.3965910470180861,0.8016463124324158,-0.2574631516708656,Fully Furnished,0.5166616158515263,2026-03-01,1.3600820137381688,0.879341685992294,High,False,False,True,False,False,2.0,2
Cyberjaya,1.9163449902433223,2.5901498036284663,0.8016463124324158,,Fully Furnished,0.993564525479815,2025-08-04,0.2821694255562554,,High,False,False,False,False,True,2.0,2
Kajang,0.9338807980622388,1.5945695200796155,-1.1436820724035799,0.3658962592921663,Fully Furnished,-0.5105138818094034,2025-07-09,-0.795743162625658,-0.831246054910122,Medium,False,False,True,False,False,2.0,1
Ampang,-0.04858339411884461,-0.3965910470180861,0.8016463124324158,0.9580876997070465,Partially Furnished,0.6267161334580544,2026-05-28,1.5140695263355846,-0.02138424983911904,High,False,True,False,False,False,1.0,2
Klcc,0.9338807980622388,1.5945695200796155,-0.17101787998558207,-0.7561506804412911,Fully Furnished,0.7367706510645826,2025-12-17,-0.4877681374308255,1.9147788695153352,High,True,False,False,False,False,2.0,2
Cheras,0.9338807980622388,1.5945695200796155,1.7743105048504135,1.145095522995956,Fully Furnished,0.333237419840646,2026-04-24,-0.02580559963857721,-0.3930585262106476,High,False,True,False,False,False,2.0,2
Petaling Jaya,0.9338807980622388,0.5989892365307647,0.8016463124324158,-0.16395924002641082,Fully Furnished,0.18649806303194172,2025-06-26,1.5140695263355846,0.3559903159524085,Medium,False,False,True,False,False,2.0,1
Subang Jaya,-1.031047586299928,-0.3965910470180861,-0.17101787998558207,-1.0054944448265037,Unfurnished,-1.0974713090442203,2025-10-09,-0.795743162625658,-0.7724622768512412,Low,True,False,False,False,False,0.0,0
Subang Jaya,0.9338807980622388,1.5945695200796155,-1.1436820724035799,-0.6314787982486847,Partially Furnished,-0.8773622738311639,2025-03-21,0.590144450751088,-0.7050338255484074,Low,True,False,False,False,False,1.0,0
Mont Kiara,-1.031047586299928,-1.392171330566937,-1.1436820724035799,-0.8496545920857459,Fully Furnished,0.6267161334580544,2025-08-09,0.2821694255562554,1.9103640384471263,High,True,False,False,False,False,2.0,2
Petaling Jaya,-1.031047586299928,-0.3965910470180861,-1.1436820724035799,0.054216553810650346,Unfurnished,-0.1436654897876428,2025-04-28,-0.3337806248334098,-0.22967374673746266,Medium,False,True,False,False,False,0.0,1
Klcc,0.9338807980622388,1.5945695200796155,0.8016463124324158,1.3632713168330173,Fully Furnished,1.9473703447363926,2025-07-13,0.2821694255562554,0.8751602272991021,High,False,False,False,False,True,2.0,2
Shah Alam,0.9338807980622388,0.5989892365307647,-0.17101787998558207,0.8645837880625918,Partially Furnished,0.0030738670210614335,2025-08-21,-0.1797931122359935,-0.5569954211842907,Medium,False,True,False,False,False,1.0,1
Mont Kiara,0.9338807980622388,1.5945695200796155,0.8016463124324158,0.6152400236773791,Unfurnished,1.3604129175015756,2025-11-10,-0.02580559963857721,0.9510389066497728,High,False,True,False,False,False,0.0,2
Klcc,0.9338807980622388,1.5945695200796155,-0.17101787998558207,0.8022478469662886,Fully Furnished,2.5022285376693056,2025-07-09,0.2821694255562554,1.8920517572892062,High,False,True,False,False,False,2.0,2
Petaling Jaya,-1.031047586299928,-1.392171330566937,-0.17101787998558207,-0.5691428571523816,Fully Furnished,-0.18035032898981887,2026-06-27,0.436156938153671,0.26622005442478863,Medium,False,False,True,False,False,2.0,1
Kajang,-1.031047586299928,-0.3965910470180861,0.8016463124324158,-0.1951272105745624,Fully Furnished,-0.5838835602137555,2025-12-30,-0.6417556500282418,-0.6000694462475873,Low,False,True,False,False,False,2.0,0
Mont Kiara,-0.04858339411884461,-0.3965910470180861,0.8016463124324158,0.5840720531292275,Fully Furnished,2.5022285376693056,2025-07-01,-0.02580559963857721,2.1467221666744107,High,False,False,True,False,False,2.0,2
Shah Alam,-0.04858339411884461,-0.3965910470180861,-1.1436820724035799,-0.6626467687968364,Partially Furnished,-0.5471987210115794,2026-08-30,-0.795743162625658,-0.1841579583413304,Low,False,False,True,False,False,1.0,0
Ampang,-1.031047586299928,-1.392171330566937,-0.17101787998558207,0.054216553810650346,Partially Furnished,0.14981322382976567,2025-11-14,0.2821694255562554,0.11790136465118492,Medium,False,False,True,False,False,1.0,1
Puchong,0.9338807980622388,0.5989892365307647,-0.17101787998558207,1.3009353757367141,Unfurnished,-0.253720007394171,2025-12-07,0.8981194759459192,-0.9747731139235006,Medium,False,True,False,False,False,0.0,1
Ampang,0.9338807980622388,1.5945695200796155,1.7743105048504135,-0.3197990927671688,PARTIALLY FURNISHED,-0.253720007394171,2025-05-14,4.593819778283908,-0.07463695363121077,Medium,False,True,False,False,False,,1
Kajang,1.9163449902433223,1.5945695200796155,0.8016463124324158,2.235974492181262,Full Furnished,-0.3637745250006992,2026-01-02,1.5140695263355846,-1.332291967329133,Medium,False,False,False,False,True,,1
Klcc,0.9338807980622388,-0.3965910470180861,0.8016463124324158,0.023048583262498753,PARTIALLY FURNISHED,1.69057647032116,2026-02-11,-0.1797931122359935,1.9857077120545654,High,False,True,False,False,False,,2
Ampang,-1.031047586299928,-1.392171330566937,-1.1436820724035799,0.9892556702551981,Unfurnished,0.4066070982449981,2025-09-05,0.8981194759459192,-0.2439446226612666,High,False,True,False,False,False,0.0,2
Ampang,-0.04858339411884461,0.5989892365307647,0.8016463124324158,1.456775228477472,Fully Furnished,1.3604129175015756,2026-06-04,-1.1037181878204907,0.3168423823538975,High,False,True,False,False,False,2.0,2
Bangsar,-1.031047586299928,-1.392171330566937,-1.1436820724035799,-0.16395924002641082,Partially Furnished,0.7367706510645826,2026-02-16,0.2821694255562554,1.0533128831758827,High,False,True,False,False,False,1.0,2
Kajang,0.9338807980622388,0.5989892365307647,1.7743105048504135,0.771079876418137,Fully Furnished,-0.07029581138329069,2025-04-10,0.436156938153671,-0.5809251333427209,Medium,False,True,False,False,False,2.0,1
Setapak,-1.031047586299928,-1.392171330566937,0.8016463124324158,-0.8808225626338975,Fully Furnished,-0.9507319522355161,2025-11-16,-6.185306103535224,-0.6269024454673459,Low,True,False,False,False,False,2.0,0
Setapak,-0.04858339411884461,-0.3965910470180861,0.8016463124324158,-0.6938147393449879,Partially Furnished,-0.9140471130333401,2026-06-03,1.5140695263355846,-0.7149179157996257,Low,False,False,True,False,False,1.0,0
Bangsar,1.9163449902433223,1.5945695200796155,0.8016463124324158,1.1762634935441076,Partially Furnished,0.993564525479815,2026-01-11,-0.6417556500282418,0.17653947347811574,High,False,False,False,False,True,1.0,2
Bangsar,0.9338807980622388,0.5989892365307647,-0.17101787998558207,,Fully Furnished,0.5533464550537023,2025-11-12,-0.795743162625658,,High,True,False,False,False,False,2.0,2
Mont Kiara,-1.031047586299928,-0.3965910470180861,-0.17101787998558207,-0.226295181122714,Fully Furnished,0.956879686277639,2026-06-12,-0.3337806248334098,1.4128846559346533,High,True,False,False,False,False,2.0,2
Klcc,-0.04858339411884461,-0.3965910470180861,0.8016463124324158,-0.5691428571523816,Unfurnished,0.4799767766493502,2026-08-15,-0.02580559963857721,1.2280442850778568,High,False,False,True,False,False,0.0,2
Cyberjaya,0.9338807980622388,0.5989892365307647,-1.1436820724035799,-0.07045532838195603,Fully Furnished,-0.07029581138329069,2025-08-30,0.1281819129588384,-0.046606273020626525,Medium,False,False,True,False,False,2.0,1
Mont Kiara,-1.031047586299928,-0.3965910470180861,-1.1436820724035799,0.9580876997070465,Fully Furnished,2.5022285376693056,2026-07-24,-0.02580559963857721,1.7261949780677497,High,False,True,False,False,False,2.0,2
Subang Jaya,-0.04858339411884461,0.5989892365307647,-1.1436820724035799,-0.47563894550792674,not furnished,-0.6939380778202837,2025-12-11,-0.1797931122359935,-0.5531116976130097,Low,False,False,True,False,False,,0
Kajang,-0.04858339411884461,-0.3965910470180861,0.8016463124324158,-0.10162329893010762,Partially Furnished,-0.8039925954268119,2026-04-29,-0.6417556500282418,-0.9329170174515035,Low,False,False,True,False,False,1.0,0
Bangsar,-0.04858339411884461,0.5989892365307647,-1.1436820724035799,-0.07045532838195603,Partially Furnished,0.5533464550537023,2026-08-25,-0.9497306752230744,0.7206742216589244,High,False,True,False,False,False,1.0,2
Subang Jaya,-0.04858339411884461,0.5989892365307647,0.8016463124324158,-0.8496545920857459,Unfurnished,-1.0241016306398683,2026-06-29,-0.02580559963857721,-0.7716458354893122,Low,True,False,False,False,False,0.0,0
Petaling Jaya,-1.031047586299928,-0.3965910470180861,-1.1436820724035799,-1.7223577674339905,Partially Furnished,-1.1341561482463964,2026-02-24,0.1281819129588384,-0.01591505323344475,Low,False,False,True,False,False,1.0,0
Ampang,0.9338807980622388,0.5989892365307647,0.8016463124324158,-0.41330300441162354,Partially Furnished,-0.21703516819199492,2025-05-10,-1.1037181878204907,0.05887026557023248,Medium,True,False,False,False,False,1.0,1
Petaling Jaya,0.9338807980622388,0.5989892365307647,1.7743105048504135,-0.6626467687968364,Fully Furnished,-0.253720007394171,2026-01-17,-0.4877681374308255,0.258586528784685,Medium,False,True,False,False,False,2.0,1
Ampang,0.9338807980622388,0.5989892365307647,1.7743105048504135,-0.8496545920857459,Fully Furnished,-0.47382904260722736,2025-08-01,-1.2577057004179064,0.12235745582283422,Medium,True,False,False,False,False,2.0,1
Cyberjaya,0.9338807980622388,0.5989892365307647,1.7743105048504135,-0.07045532838195603,Unfurnished,-0.290404846596347,2025-07-14,-0.3337806248334098,-0.31741115349576243,Medium,False,False,True,False,False,0.0,1
Subang Jaya,0.9338807980622388,0.5989892365307647,-0.17101787998558207,1.8931268161515944,Fully Furnished,0.36992225904282205,2026-05-15,0.1281819129588384,-0.6869129934211731,High,False,False,False,False,True,2.0,2
Puchong,-1.031047586299928,-0.3965910470180861,-0.17101787998558207,1.1762634935441076,Unfurnished,-0.07029581138329069,2025-04-06,-0.795743162625658,-0.7662276337237842,Medium,False,True,False,False,False,0.0,1
Shah Alam,-0.04858339411884461,-0.3965910470180861,0.8016463124324158,,Partially Furnished,0.2598677414362939,2026-06-26,-1.1037181878204907,,High,False,False,False,False,True,1.0,2
Petaling Jaya,0.9338807980622388,1.5945695200796155,1.7743105048504135,0.023048583262498753,Fully Furnished,-0.07029581138329069,2025-12-22,0.1281819129588384,-0.11941701918611122,Medium,False,True,False,False,False,2.0,1
Puchong,0.9338807980622388,0.5989892365307647,-0.17101787998558207,0.45940017093662106,Partially Furnished,-0.21703516819199492,2025-06-19,1.5140695263355846,-0.5660250784875185,Medium,False,True,False,False,False,1.0,1
Mont Kiara,0.9338807980622388,1.5945695200796155,-1.1436820724035799,1.456775228477472,Fully Furnished,1.8740006663320405,2026-07-03,0.436156938153671,0.7450229060876095,High,False,False,False,False,True,2.0,2
Petaling Jaya,0.9338807980622388,1.5945695200796155,0.8016463124324158,-0.53797488660423,Fully Furnished,-0.4371442034050513,2025-09-03,0.590144450751088,-0.13636167848113562,Medium,True,False,False,False,False,2.0,1
Shah Alam,0.9338807980622388,0.5989892365307647,-1.1436820724035799,0.2412243770995599,Fully Furnished,0.4799767766493502,2025-11-09,0.436156938153671,0.34282552412282064,High,False,True,False,False,False,2.0,2
Kajang,0.9338807980622388,0.5989892365307647,0.8016463124324158,-0.226295181122714,PARTIALLY FURNISHED,-1.1708409874485726,2025-08-17,1.0521069885433363,-1.3384560854912988,Low,False,False,True,False,False,,0
Petaling Jaya,-1.031047586299928,-1.392171330566937,-0.17101787998558207,-0.6314787982486847,Fully Furnished,-0.290404846596347,2026-08-12,0.1281819129588384,0.17003763135948186,Medium,True,False,False,False,False,2.0,1
Bangsar,0.9338807980622388,1.5945695200796155,0.8016463124324158,-0.382135033863472,Partially Furnished,0.5533464550537023,2026-07-19,-0.9497306752230744,1.079806142002294,High,False,False,True,False,False,1.0,2
Shah Alam,-0.04858339411884461,0.5989892365307647,-1.1436820724035799,-0.226295181122714,Partially Furnished,-0.5471987210115794,2026-01-11,-0.1797931122359935,-0.5320286267974855,Low,False,True,False,False,False,1.0,0
Setapak,-0.04858339411884461,0.5989892365307647,-1.1436820724035799,0.27239234764771153,Fully Furnished,-0.5471987210115794,2025-08-13,0.2821694255562554,-0.8249723476026684,Low,True,False,False,False,False,2.0,0
Kajang,-2.0135117784810115,-1.392171330566937,0.8016463124324158,-2.0963734140118095,Fully Furnished,-1.537689379470333,2025-04-12,0.8981194759459192,-0.5395186651135269,Low,False,False,False,True,False,2.0,0
Ampang,0.9338807980622388,0.5989892365307647,1.7743105048504135,-0.7873186509894426,Full Furnished,-0.290404846596347,2025-09-15,-0.795743162625658,0.3443682731653504,Medium,True,False,False,False,False,,1
Shah Alam,-1.031047586299928,-1.392171330566937,-0.17101787998558207,0.08538452435880194,Partially Furnished,-0.18035032898981887,2025-12-22,0.2821694255562554,-0.29484408012283425,Medium,False,True,False,False,False,1.0,1
Cyberjaya,-0.04858339411884461,-0.3965910470180861,0.8016463124324158,-0.13279126947825923,Fully Furnished,-0.4004593642028752,2025-03-12,-0.1797931122359935,-0.40991381068776406,Medium,False,True,False,False,False,2.0,1
Puchong,-1.031047586299928,-0.3965910470180861,-0.17101787998558207,1.7372869634108363,Fully Furnished,0.5900312942558784,2025-06-30,-1.1037181878204907,-0.4536546026789049,High,False,True,False,False,False,2.0,2
Ampang,-2.0135117784810115,-1.392171330566937,-1.1436820724035799,-2.221045296204416,PARTIALLY FURNISHED,-1.4276348618638048,2025-08-28,-0.9497306752230744,0.11534566530273897,Low,False,False,False,True,False,,0
Mont Kiara,-1.031047586299928,-1.392171330566937,-0.17101787998558207,-0.47563894550792674,Partially Furnished,0.8468251686711108,2025-06-08,-0.795743162625658,1.616336289304465,High,False,False,True,False,False,1.0,2
Kajang,1.9163449902433223,1.5945695200796155,-1.1436820724035799,0.5840720531292275,Partially Furnished,-0.9140471130333401,2026-06-21,1.0521069885433363,-1.3445769770183869,Low,False,False,False,False,True,1.0,0
Cyberjaya,-0.04858339411884461,0.5989892365307647,0.8016463124324158,-0.9431585037302007,Fully Furnished,-0.6939380778202837,2026-05-08,0.436156938153671,-0.13988350962872903,Low,True,False,False,False,False,2.0,0
Ampang,-0.04858339411884461,-0.3965910470180861,-1.1436820724035799,0.08538452435880194,Fully Furnished,0.333237419840646,2025-04-19,-1.2577057004179064,0.3077803606875757,High,False,True,False,False,False,2.0,2
Subang Jaya,-0.04858339411884461,0.5989892365307647,-1.1436820724035799,-0.911990533182049,Partially Furnished,-0.8773622738311639,2026-08-08,-0.6417556500282418,-0.4783500188658536,Low,True,False,False,False,False,1.0,0
Petaling Jaya,-0.04858339411884461,-0.3965910470180861,0.8016463124324158,1.4256072579293204,Partially Furnished,0.8468251686711108,2026-03-19,-0.02580559963857721,-0.09472943610726763,High,False,True,False,False,False,1.0,2
Petaling Jaya,-0.04858339411884461,-0.3965910470180861,0.8016463124324158,1.5814471106700785,Unfurnished,-0.253720007394171,2026-02-25,-0.02580559963857721,-1.069646932593361,Medium,False,False,False,False,True,0.0,1
Klcc,-0.04858339411884461,-0.3965910470180861,0.8016463124324158,0.1788884360032567,Fully Furnished,2.020740023140745,2025-09-09,0.1281819129588384,2.1552081830947776,High,True,False,False,False,False,2.0,2
Puchong,0.9338807980622388,0.5989892365307647,-1.1436820724035799,-0.35096706331532035,Fully Furnished,-0.7306229170224597,2026-03-24,0.7441319633485036,-0.6904880898950183,Low,True,False,False,False,False,2.0,0
Cyberjaya,0.9338807980622388,0.5989892365307647,0.8016463124324158,-0.6938147393449879,Partially Furnished,-0.9507319522355161,2025-11-01,0.1281819129588384,-0.7709277605565313,Low,True,False,False,False,False,1.0,0
Bangsar,0.9338807980622388,0.5989892365307647,-0.17101787998558207,0.45940017093662106,Full Furnished,2.020740023140745,2026-01-20,-0.6417556500282418,1.7971236215475883,High,False,True,False,False,False,,2
Bangsar,-1.031047586299928,-1.392171330566937,-1.1436820724035799,0.8334158175144402,Partially Furnished,1.4704674351081037,2026-08-05,3.8238822152968273,0.867360198582956,High,False,True,False,False,False,1.0,2
Subang Jaya,-0.04858339411884461,-0.3965910470180861,-1.1436820724035799,0.2412243770995599,Unfurnished,-0.4371442034050513,2026-07-16,0.436156938153671,-0.6856738375637196,Medium,True,False,False,False,False,0.0,1
Petaling Jaya,-1.031047586299928,-1.392171330566937,-1.1436820724035799,0.11655249490695353,Unfurnished,-0.18035032898981887,2025-08-21,3.8238822152968273,-0.3161689292733994,Medium,False,True,False,False,False,0.0,1
Mont Kiara,1.9163449902433223,1.5945695200796155,1.7743105048504135,0.8957517586107434,Fully Furnished,1.3237280782993996,2025-08-06,1.5140695263355846,0.6765505408849903,High,False,False,False,False,True,2.0,2
Petaling Jaya,-1.031047586299928,-1.392171330566937,-0.17101787998558207,0.11655249490695353,Fully Furnished,0.7367706510645826,2025-10-14,-0.02580559963857721,0.7500735282548485,High,False,False,True,False,False,2.0,2
Puchong,-0.04858339411884461,-0.3965910470180861,0.8016463124324158,-0.6314787982486847,Partially Furnished,-0.8039925954268119,2025-09-26,-0.02580559963857721,-0.5956498934349213,Low,False,False,True,False,False,1.0,0
Cheras,0.9338807980622388,0.5989892365307647,0.8016463124324158,-0.7561506804412911,Fully Furnished,-0.6572532386181076,2026-03-28,0.590144450751088,-0.26614767817948126,Low,True,False,False,False,False,2.0,0
Mont Kiara,-0.04858339411884461,0.5989892365307647,0.8016463124324158,1.145095522995956,Partially Furnished,2.5022285376693056,2025-03-26,-0.1797931122359935,1.542584515436672,High,False,True,False,False,False,1.0,2
Subang Jaya,1.9163449902433223,1.5945695200796155,-1.1436820724035799,0.771079876418137,Fully Furnished,-0.033610972181114626,2025-04-26,-0.9497306752230744,-0.5451650016902352,Medium,False,False,False,False,True,2.0,1
Subang Jaya,-0.04858339411884461,0.5989892365307647,-1.1436820724035799,-0.9743264742783523,Partially Furnished,-1.0607864698420444,2026-04-14,-1.7196682382101554,-0.734597050443944,Low,True,False,False,False,False,1.0,0
Ampang,-0.04858339411884461,-0.3965910470180861,0.8016463124324158,-0.2886311222190172,Unfurnished,-0.4371442034050513,2026-08-27,0.7441319633485036,-0.3432692584022423,Medium,False,False,True,False,False,0.0,1
Bangsar,-1.031047586299928,-1.392171330566937,-1.1436820724035799,0.39706422984031786,Unfurnished,0.18649806303194172,2026-06-23,-0.02580559963857721,-0.0978603040710055,Medium,True,False,False,False,False,0.0,1
Kajang,-1.031047586299928,-1.392171330566937,-0.17101787998558207,0.7087439353218338,Unfurnished,-0.9507319522355161,2025-11-29,-0.1797931122359935,-1.4207294751190687,Low,False,True,False,False,False,0.0,0
Bangsar,-0.04858339411884461,-0.3965910470180861,0.8016463124324158,0.1788884360032567,Fully Furnished,2.167479379949449,2026-04-02,-0.9497306752230744,2.322733124169486,High,False,False,True,False,False,2.0,2
Mont Kiara,0.9338807980622388,0.5989892365307647,1.7743105048504135,-0.03928735783380444,Unfurnished,0.6267161334580544,2026-08-09,-0.9497306752230744,0.7779598694517412,High,True,False,False,False,False,0.0,2
Shah Alam,-1.031047586299928,-0.3965910470180861,0.8016463124324158,-0.7249827098931395,Fully Furnished,-0.8773622738311639,2025-12-05,0.1281819129588384,-0.6350014299879435,Low,True,False,False,False,False,2.0,0
Kajang,-1.031047586299928,-1.392171330566937,0.8016463124324158,-1.1301663270191102,Fully Furnished,-1.0607864698420444,2025-11-30,-0.02580559963857721,-0.5980278050026058,Low,False,False,True,False,False,2.0,0
Kajang,-0.04858339411884461,-0.3965910470180861,-1.1436820724035799,0.4905681414847727,Partially Furnished,-0.6939380778202837,2026-08-13,-0.3337806248334098,-1.0824535913118822,Low,False,True,False,False,False,1.0,0
Kajang,0.9338807980622388,0.5989892365307647,1.7743105048504135,0.054216553810650346,Fully Furnished,-0.6572532386181076,2025-06-30,1.3600820137381688,-0.837930191667596,Low,False,True,False,False,False,2.0,0
Shah Alam,-0.04858339411884461,0.5989892365307647,-1.1436820724035799,-0.2886311222190172,Unfurnished,-0.7673077562246358,2025-07-29,0.590144450751088,-0.7790958629169135,Low,False,True,False,False,False,0.0,0
Puchong,-2.0135117784810115,-1.392171330566937,-1.1436820724035799,-1.847029649626597,Fully Furnished,-1.390950022661629,2025-10-18,0.8981194759459192,-0.49696656337601525,Low,False,False,False,True,False,2.0,0
Kajang,0.9338807980622388,0.5989892365307647,-1.1436820724035799,-0.13279126947825923,Fully Furnished,-0.7306229170224597,2026-04-29,1.5140695263355846,-0.8241648407215111,Low,False,False,True,False,False,2.0,0
Subang Jaya,0.9338807980622388,1.5945695200796155,1.7743105048504135,-0.47563894550792674,Partially Furnished,-0.6939380778202837,2025-04-02,-0.4877681374308255,-0.5531116976130097,Low,True,False,False,False,False,1.0,0
